StudentNr,Sex,Province_of_Origin,Staying_in_Residence,Date_Registered
11322,Male,Western Cape,FALSE,2020-01-27
11322,Male,Western Cape,FALSE,2021-03-04
11322,Male,Western Cape,TRUE,2022-02-18
11342,Female,Limpopo,TRUE,2022-02-04
11415,Male,KwaZulu-Natal,TRUE,2021-03-06
11415,Male,KwaZulu-Natal,TRUE,2022-01-23
11464,Female,Gauteng,FALSE,2022-02-04
11495,Female,KwaZulu-Natal,FALSE,2020-01-17
11495,Female,KwaZulu-Natal,FALSE,2021-03-03
11737,Male,Gauteng,TRUE,2020-01-30
11737,Male,Gauteng,FALSE,2021-02-09
11846,Female,KwaZulu-Natal,FALSE,2022-02-10
11898,Female,Northern Cape,TRUE,2022-01-17
12214,Female,Mpumalanga,FALSE,2021-02-25
12214,Female,Mpumalanga,FALSE,2022-03-01
12272,Male,Western Cape,FALSE,2020-01-20
12272,Male,Western Cape,TRUE,2021-01-15
12272,Male,Western Cape,TRUE,2022-02-08
12498,Male,Limpopo,TRUE,2020-02-26
12498,Male,Limpopo,TRUE,2021-02-12
12498,Male,Limpopo,TRUE,2022-01-30
12695,Male,Eastern Cape,FALSE,2022-02-01
12894,Female,KwaZulu-Natal,FALSE,2020-02-22
12894,Female,KwaZulu-Natal,FALSE,2021-02-01
12894,Female,KwaZulu-Natal,FALSE,2022-03-04
12897,Female,Limpopo,TRUE,2020-03-09
12897,Female,Limpopo,TRUE,2021-03-09
12897,Female,Limpopo,TRUE,2022-02-28
12967,Female,Mpumalanga,TRUE,2020-02-12
12967,Female,Mpumalanga,TRUE,2021-01-23
12984,Male,Eastern Cape,FALSE,2021-01-21
12984,Male,Eastern Cape,FALSE,2022-02-07
13233,Female,KwaZulu-Natal,TRUE,2020-02-29
13285,Female,KwaZulu-Natal,TRUE,2020-01-18
13285,Female,KwaZulu-Natal,TRUE,2021-02-21
13285,Female,KwaZulu-Natal,TRUE,2022-02-07
13317,Male,KwaZulu-Natal,FALSE,2020-01-15
13324,Male,Western Cape,FALSE,2020-02-14
13414,Male,KwaZulu-Natal,FALSE,2020-02-25
14294,Female,Western Cape,TRUE,2020-02-28
14294,Female,Western Cape,TRUE,2021-02-16
14524,Female,Eastern Cape,TRUE,2020-02-28
14557,Male,Gauteng,TRUE,2020-01-23
14686,Female,Eastern Cape,FALSE,2020-01-22
14686,Female,Eastern Cape,FALSE,2021-02-13
14686,Female,Eastern Cape,FALSE,2022-02-22
14935,Female,North West,TRUE,2021-02-11
14935,Female,North West,TRUE,2022-01-16
15166,Female,Western Cape,FALSE,2022-02-07
15186,Male,Limpopo,FALSE,2020-02-15
15225,Male,Eastern Cape,FALSE,2020-01-24
15225,Male,Eastern Cape,FALSE,2021-01-31
15225,Male,Eastern Cape,FALSE,2022-01-31
15356,Female,Limpopo,FALSE,2020-01-25
15561,Male,Western Cape,FALSE,2022-02-05
15578,Male,KwaZulu-Natal,TRUE,2022-03-06
15914,Female,Western Cape,TRUE,2020-02-16
15914,Female,Western Cape,TRUE,2021-02-10
15914,Female,Western Cape,TRUE,2022-01-27
16483,Female,KwaZulu-Natal,TRUE,2021-01-29
16483,Female,KwaZulu-Natal,TRUE,2022-02-11
16547,Male,Eastern Cape,FALSE,2020-02-04
16843,Female,Eastern Cape,FALSE,2020-01-26
16843,Female,Eastern Cape,FALSE,2021-03-05
16843,Female,Eastern Cape,FALSE,2022-02-01
16972,Female,Gauteng,TRUE,2020-02-20
17131,Female,Western Cape,TRUE,2020-03-08
17131,Female,Western Cape,TRUE,2021-03-03
17131,Female,Western Cape,TRUE,2022-02-17
17246,Female,Gauteng,FALSE,2020-02-10
17246,Female,Gauteng,FALSE,2021-03-03
17466,Male,Western Cape,TRUE,2022-03-08
17485,Female,Western Cape,FALSE,2020-02-11
17485,Female,Western Cape,FALSE,2021-01-26
17628,Male,Gauteng,TRUE,2021-01-16
17628,Male,Gauteng,TRUE,2022-02-13
17744,Female,Eastern Cape,TRUE,2020-02-05
17836,Male,Gauteng,FALSE,2020-01-26
17836,Male,Gauteng,FALSE,2021-02-05
17836,Male,Gauteng,FALSE,2022-02-20
17847,Female,Eastern Cape,TRUE,2020-01-24
17847,Female,Eastern Cape,TRUE,2021-01-20
17847,Female,Eastern Cape,TRUE,2022-02-01
17873,Male,Gauteng,FALSE,2022-02-16
18134,Female,Western Cape,TRUE,2020-01-20
18134,Female,Western Cape,TRUE,2021-01-26
18134,Female,Western Cape,TRUE,2022-01-26
18139,Male,Eastern Cape,FALSE,2020-02-11
18153,Female,Eastern Cape,FALSE,2022-02-01
18234,Male,Eastern Cape,FALSE,2020-02-09
18234,Male,Eastern Cape,FALSE,2021-03-04
18234,Male,Eastern Cape,FALSE,2022-02-13
18451,Female,Free State,TRUE,2020-02-20
18451,Female,Free State,TRUE,2021-02-08
18451,Female,Free State,TRUE,2022-01-29
18635,Female,Western Cape,FALSE,2022-03-06
18678,Male,Mpumalanga,TRUE,2020-02-06
18693,Male,Western Cape,TRUE,2020-01-16
18942,Female,Northern Cape,TRUE,2020-01-20
18992,Female,KwaZulu-Natal,FALSE,2021-02-23
18992,Female,KwaZulu-Natal,FALSE,2022-03-05
19144,Female,Gauteng,FALSE,2021-02-14
19144,Female,Gauteng,TRUE,2022-01-17
19356,Male,Mpumalanga,TRUE,2021-01-25
19356,Male,Mpumalanga,TRUE,2022-02-17
19714,Female,Gauteng,FALSE,2022-03-02
19921,Male,KwaZulu-Natal,TRUE,2020-02-23
19921,Male,KwaZulu-Natal,TRUE,2021-02-27
19956,Male,Free State,TRUE,2020-02-03
19956,Male,Free State,TRUE,2021-03-09
19956,Male,Free State,FALSE,2022-02-28
21261,Female,Northern Cape,TRUE,2020-02-09
21261,Female,Northern Cape,TRUE,2021-02-12
21296,Female,Mpumalanga,FALSE,2020-02-26
21296,Female,Mpumalanga,TRUE,2021-02-16
21463,Female,Western Cape,FALSE,2020-02-18
21463,Female,Western Cape,TRUE,2021-02-22
21463,Female,Western Cape,TRUE,2022-03-01
21495,Female,KwaZulu-Natal,TRUE,2020-03-06
21495,Female,KwaZulu-Natal,FALSE,2021-02-17
21495,Female,KwaZulu-Natal,FALSE,2022-03-03
21594,Female,Eastern Cape,FALSE,2020-02-03
21594,Female,Eastern Cape,TRUE,2021-02-14
21594,Female,Eastern Cape,TRUE,2022-03-06
21638,Male,Eastern Cape,TRUE,2020-02-09
21748,Female,Western Cape,TRUE,2020-01-15
22133,Male,Northern Cape,FALSE,2020-02-08
22159,Female,Eastern Cape,TRUE,2020-01-23
22159,Female,Eastern Cape,FALSE,2021-02-07
22159,Female,Eastern Cape,FALSE,2022-03-08
22548,Female,North West,FALSE,2021-01-19
22548,Female,North West,FALSE,2022-01-25
22593,Female,Western Cape,FALSE,2020-01-17
22593,Female,Western Cape,FALSE,2021-01-23
22593,Female,Western Cape,FALSE,2022-02-14
22672,Female,Western Cape,FALSE,2020-02-05
22672,Female,Western Cape,TRUE,2021-01-24
22672,Female,Western Cape,FALSE,2022-01-22
22773,Male,Western Cape,FALSE,2021-01-30
22773,Male,Western Cape,FALSE,2022-02-04
22896,Male,Western Cape,FALSE,2020-02-08
22896,Male,Western Cape,FALSE,2021-02-25
22896,Male,Western Cape,FALSE,2022-02-02
23182,Male,Limpopo,TRUE,2020-01-22
23182,Male,Limpopo,TRUE,2021-02-08
23182,Male,Limpopo,TRUE,2022-01-15
23196,Male,Limpopo,TRUE,2020-01-28
23196,Male,Limpopo,TRUE,2021-03-06
23196,Male,Limpopo,TRUE,2022-02-24
23231,Female,Gauteng,FALSE,2020-02-11
23331,Male,Eastern Cape,TRUE,2020-02-11
23367,Female,Western Cape,TRUE,2020-03-06
23367,Female,Western Cape,TRUE,2021-02-25
23367,Female,Western Cape,TRUE,2022-03-03
23373,Male,Western Cape,TRUE,2022-02-13
23429,Male,KwaZulu-Natal,TRUE,2020-03-02
23467,Male,Western Cape,FALSE,2020-01-29
23467,Male,Western Cape,FALSE,2021-02-07
23523,Female,Gauteng,FALSE,2021-03-01
23523,Female,Gauteng,FALSE,2022-03-05
23556,Male,North West,TRUE,2020-02-29
23556,Male,North West,TRUE,2021-02-11
23677,Female,Eastern Cape,TRUE,2022-02-17
24267,Male,North West,FALSE,2021-02-09
24267,Male,North West,TRUE,2022-02-28
24653,Female,Free State,FALSE,2022-02-27
24982,Female,Western Cape,TRUE,2021-03-04
24982,Female,Western Cape,TRUE,2022-03-01
25254,Male,Eastern Cape,FALSE,2020-03-10
25254,Male,Eastern Cape,FALSE,2021-03-10
25254,Male,Eastern Cape,FALSE,2022-02-05
25298,Female,Eastern Cape,FALSE,2020-03-06
25516,Female,Mpumalanga,FALSE,2020-01-19
25516,Female,Mpumalanga,FALSE,2021-01-29
25743,Female,Free State,TRUE,2020-02-14
25743,Female,Free State,TRUE,2021-02-17
25895,Male,Gauteng,FALSE,2020-01-17
25895,Male,Gauteng,TRUE,2021-03-06
26266,Male,KwaZulu-Natal,TRUE,2020-03-03
26287,Male,Gauteng,TRUE,2020-02-20
26287,Male,Gauteng,FALSE,2021-03-06
26287,Male,Gauteng,FALSE,2022-01-21
26486,Female,Western Cape,TRUE,2020-02-08
26545,Male,Eastern Cape,TRUE,2020-01-15
26545,Male,Eastern Cape,TRUE,2021-02-19
26559,Female,KwaZulu-Natal,FALSE,2020-02-10
26559,Female,KwaZulu-Natal,FALSE,2021-03-04
26641,Female,North West,TRUE,2021-02-27
26641,Female,North West,TRUE,2022-03-10
27284,Female,Mpumalanga,TRUE,2022-02-27
27534,Female,Free State,TRUE,2020-03-01
27534,Female,Free State,TRUE,2021-01-26
27534,Female,Free State,TRUE,2022-01-24
27949,Male,Eastern Cape,TRUE,2022-03-07
28363,Female,KwaZulu-Natal,FALSE,2021-01-18
28363,Female,KwaZulu-Natal,FALSE,2022-03-02
29116,Male,Mpumalanga,TRUE,2020-03-09
29116,Male,Mpumalanga,FALSE,2021-03-02
29147,Female,Western Cape,TRUE,2021-03-02
29147,Female,Western Cape,TRUE,2022-01-29
29188,Female,Western Cape,TRUE,2020-02-20
29188,Female,Western Cape,TRUE,2021-03-05
29534,Female,Gauteng,FALSE,2021-02-13
29534,Female,Gauteng,FALSE,2022-02-26
29569,Male,Western Cape,FALSE,2022-01-23
29598,Female,Western Cape,FALSE,2020-02-17
29598,Female,Western Cape,TRUE,2021-01-23
29598,Female,Western Cape,TRUE,2022-02-21
29679,Female,Eastern Cape,FALSE,2021-02-25
29679,Female,Eastern Cape,TRUE,2022-01-16
29932,Female,Western Cape,FALSE,2022-02-22
29961,Female,Eastern Cape,TRUE,2021-01-21
29961,Female,Eastern Cape,TRUE,2022-02-02
29976,Female,Limpopo,TRUE,2021-02-03
29976,Female,Limpopo,TRUE,2022-03-06
31159,Male,Gauteng,TRUE,2020-01-17
31159,Male,Gauteng,TRUE,2021-02-07
31368,Male,Gauteng,TRUE,2020-02-02
31368,Male,Gauteng,FALSE,2021-02-22
31368,Male,Gauteng,TRUE,2022-02-21
31372,Female,Mpumalanga,TRUE,2021-01-19
31372,Female,Mpumalanga,TRUE,2022-02-06
31525,Male,Gauteng,TRUE,2022-02-03
31551,Female,Gauteng,FALSE,2020-03-03
31551,Female,Gauteng,FALSE,2021-03-08
31551,Female,Gauteng,FALSE,2022-03-09
31575,Male,Gauteng,TRUE,2020-02-20
31575,Male,Gauteng,TRUE,2021-02-28
31634,Male,Western Cape,TRUE,2020-03-02
31634,Male,Western Cape,TRUE,2021-02-23
31991,Female,North West,FALSE,2022-02-28
32652,Male,Western Cape,FALSE,2020-01-16
32652,Male,Western Cape,FALSE,2021-01-28
32758,Male,Eastern Cape,TRUE,2022-03-10
32817,Male,Limpopo,TRUE,2020-03-07
32865,Female,KwaZulu-Natal,TRUE,2020-02-07
32865,Female,KwaZulu-Natal,FALSE,2021-02-20
32975,Female,Northern Cape,FALSE,2021-02-14
32975,Female,Northern Cape,TRUE,2022-01-19
33256,Female,KwaZulu-Natal,FALSE,2020-02-23
33256,Female,KwaZulu-Natal,TRUE,2021-02-05
33256,Female,KwaZulu-Natal,TRUE,2022-02-08
33397,Female,Free State,FALSE,2020-02-18
33491,Female,KwaZulu-Natal,TRUE,2020-02-13
33491,Female,KwaZulu-Natal,TRUE,2021-01-19
33491,Female,KwaZulu-Natal,TRUE,2022-03-10
33511,Male,Gauteng,TRUE,2022-03-02
33695,Male,KwaZulu-Natal,TRUE,2020-02-26
34118,Female,Western Cape,FALSE,2022-02-09
34285,Male,KwaZulu-Natal,TRUE,2020-02-25
34285,Male,KwaZulu-Natal,TRUE,2021-03-08
34285,Male,KwaZulu-Natal,TRUE,2022-01-22
34484,Female,Western Cape,TRUE,2020-01-19
34484,Female,Western Cape,TRUE,2021-01-28
34497,Female,Eastern Cape,TRUE,2021-02-19
34497,Female,Eastern Cape,TRUE,2022-02-12
34642,Female,Mpumalanga,FALSE,2020-02-04
34642,Female,Mpumalanga,FALSE,2021-01-31
34642,Female,Mpumalanga,TRUE,2022-01-20
34772,Female,Mpumalanga,FALSE,2021-03-08
34772,Female,Mpumalanga,TRUE,2022-02-19
34893,Male,Gauteng,TRUE,2020-01-19
34991,Female,Western Cape,FALSE,2020-02-25
34991,Female,Western Cape,FALSE,2021-01-22
34991,Female,Western Cape,FALSE,2022-03-02
35244,Female,Western Cape,TRUE,2021-02-26
35244,Female,Western Cape,FALSE,2022-02-07
35419,Female,Mpumalanga,FALSE,2022-01-31
35428,Female,Western Cape,FALSE,2020-02-22
35428,Female,Western Cape,FALSE,2021-02-17
35428,Female,Western Cape,TRUE,2022-02-04
35567,Male,North West,TRUE,2020-02-21
35567,Male,North West,TRUE,2021-02-26
35624,Male,Eastern Cape,FALSE,2020-02-22
35624,Male,Eastern Cape,FALSE,2021-01-18
36196,Female,Eastern Cape,FALSE,2022-01-16
36229,Male,Limpopo,TRUE,2020-01-29
36247,Male,Limpopo,FALSE,2020-02-12
36283,Male,Western Cape,FALSE,2021-01-28
36283,Male,Western Cape,FALSE,2022-01-16
36328,Male,Mpumalanga,TRUE,2020-03-07
36328,Male,Mpumalanga,TRUE,2021-01-29
36328,Male,Mpumalanga,TRUE,2022-01-22
36816,Female,Gauteng,TRUE,2022-02-24
36889,Male,Eastern Cape,TRUE,2020-02-26
36889,Male,Eastern Cape,TRUE,2021-02-07
36889,Male,Eastern Cape,TRUE,2022-01-17
37224,Female,Eastern Cape,FALSE,2020-01-22
37224,Female,Eastern Cape,FALSE,2021-03-02
37224,Female,Eastern Cape,FALSE,2022-03-02
37311,Male,KwaZulu-Natal,TRUE,2020-02-02
37492,Female,Eastern Cape,TRUE,2021-01-25
37492,Female,Eastern Cape,TRUE,2022-03-08
37718,Female,KwaZulu-Natal,TRUE,2022-01-18
37772,Male,Mpumalanga,TRUE,2020-01-17
37864,Male,Gauteng,FALSE,2020-03-01
37864,Male,Gauteng,FALSE,2021-03-03
37864,Male,Gauteng,FALSE,2022-02-04
37913,Male,Free State,FALSE,2020-03-07
37915,Female,Northern Cape,TRUE,2020-02-17
37915,Female,Northern Cape,FALSE,2021-02-08
37915,Female,Northern Cape,FALSE,2022-02-08
37988,Female,Western Cape,TRUE,2020-01-30
37988,Female,Western Cape,FALSE,2021-03-05
38171,Female,Western Cape,FALSE,2022-02-20
38267,Male,North West,FALSE,2021-03-03
38267,Male,North West,FALSE,2022-02-05
38555,Female,North West,FALSE,2022-01-28
38642,Female,Western Cape,FALSE,2021-01-23
38642,Female,Western Cape,FALSE,2022-01-27
38769,Female,North West,FALSE,2020-02-29
38769,Female,North West,FALSE,2021-01-28
38769,Female,North West,FALSE,2022-01-30
38946,Male,Western Cape,TRUE,2022-02-09
39127,Male,KwaZulu-Natal,TRUE,2020-02-07
39154,Female,KwaZulu-Natal,FALSE,2020-01-31
39154,Female,KwaZulu-Natal,FALSE,2021-02-09
39154,Female,KwaZulu-Natal,FALSE,2022-02-20
39184,Male,Western Cape,FALSE,2020-02-19
39648,Female,KwaZulu-Natal,FALSE,2020-02-15
39648,Female,KwaZulu-Natal,FALSE,2021-01-30
39648,Female,KwaZulu-Natal,FALSE,2022-01-22
39911,Female,KwaZulu-Natal,TRUE,2021-02-28
39911,Female,KwaZulu-Natal,TRUE,2022-02-17
41211,Female,KwaZulu-Natal,TRUE,2020-01-27
41211,Female,KwaZulu-Natal,TRUE,2021-01-27
41211,Female,KwaZulu-Natal,TRUE,2022-02-25
41214,Female,Eastern Cape,FALSE,2020-02-25
41214,Female,Eastern Cape,FALSE,2021-03-01
41214,Female,Eastern Cape,FALSE,2022-02-15
41754,Female,Western Cape,TRUE,2020-03-05
41754,Female,Western Cape,TRUE,2021-01-18
41754,Female,Western Cape,TRUE,2022-02-03
41812,Female,Gauteng,TRUE,2020-01-31
41812,Female,Gauteng,TRUE,2021-02-17
41812,Female,Gauteng,TRUE,2022-02-09
41888,Male,Eastern Cape,TRUE,2020-03-03
41888,Male,Eastern Cape,TRUE,2021-03-04
41888,Male,Eastern Cape,TRUE,2022-02-15
41961,Male,Gauteng,TRUE,2022-02-07
42223,Male,KwaZulu-Natal,TRUE,2020-02-29
42331,Female,North West,FALSE,2020-03-10
42331,Female,North West,FALSE,2021-02-16
42337,Male,Eastern Cape,FALSE,2020-02-11
42337,Male,Eastern Cape,TRUE,2021-02-27
42337,Male,Eastern Cape,TRUE,2022-02-17
42663,Male,Eastern Cape,FALSE,2020-02-11
42864,Female,Western Cape,TRUE,2020-03-07
42864,Female,Western Cape,TRUE,2021-03-05
43727,Male,Eastern Cape,TRUE,2020-01-18
44239,Female,Limpopo,TRUE,2020-01-26
44239,Female,Limpopo,TRUE,2021-01-21
44315,Male,Western Cape,TRUE,2020-02-13
44484,Female,Gauteng,TRUE,2020-01-24
44484,Female,Gauteng,TRUE,2021-01-27
44484,Female,Gauteng,TRUE,2022-02-13
44582,Female,KwaZulu-Natal,FALSE,2020-02-18
44582,Female,KwaZulu-Natal,FALSE,2021-02-05
44715,Female,Limpopo,FALSE,2021-01-24
44715,Female,Limpopo,FALSE,2022-03-03
44758,Female,Limpopo,TRUE,2021-03-08
44758,Female,Limpopo,TRUE,2022-02-05
44891,Male,Western Cape,FALSE,2020-03-10
44891,Male,Western Cape,TRUE,2021-02-11
44891,Male,Western Cape,TRUE,2022-03-06
44897,Male,Eastern Cape,TRUE,2020-01-22
44897,Male,Eastern Cape,TRUE,2021-01-19
44897,Male,Eastern Cape,TRUE,2022-01-25
45132,Male,Northern Cape,FALSE,2020-02-09
45132,Male,Northern Cape,FALSE,2021-01-26
45132,Male,Northern Cape,FALSE,2022-02-24
45221,Female,Western Cape,FALSE,2020-02-23
45221,Female,Western Cape,FALSE,2021-02-17
45221,Female,Western Cape,FALSE,2022-03-10
45545,Female,KwaZulu-Natal,FALSE,2022-01-28
45839,Male,Free State,TRUE,2020-01-26
45839,Male,Free State,TRUE,2021-02-14
45839,Male,Free State,TRUE,2022-01-17
45866,Female,Gauteng,FALSE,2020-02-18
46332,Male,KwaZulu-Natal,TRUE,2020-03-08
46557,Male,Mpumalanga,FALSE,2020-01-17
46557,Male,Mpumalanga,FALSE,2021-02-18
46557,Male,Mpumalanga,FALSE,2022-02-12
46622,Female,Northern Cape,FALSE,2020-02-07
46622,Female,Northern Cape,FALSE,2021-02-20
46622,Female,Northern Cape,TRUE,2022-01-23
46851,Male,Western Cape,FALSE,2020-02-19
46851,Male,Western Cape,FALSE,2021-02-09
46851,Male,Western Cape,FALSE,2022-02-24
46878,Male,Eastern Cape,FALSE,2020-02-13
46878,Male,Eastern Cape,FALSE,2021-03-01
47223,Female,Western Cape,TRUE,2021-02-23
47223,Female,Western Cape,TRUE,2022-01-17
47549,Male,Gauteng,TRUE,2021-02-06
47549,Male,Gauteng,TRUE,2022-03-04
47667,Male,Gauteng,TRUE,2020-02-15
47667,Male,Gauteng,TRUE,2021-01-29
47887,Female,Western Cape,TRUE,2022-02-27
48434,Female,Limpopo,FALSE,2022-03-04
48639,Female,Gauteng,FALSE,2021-03-03
48639,Female,Gauteng,FALSE,2022-02-01
48664,Male,Free State,TRUE,2020-02-10
48697,Male,KwaZulu-Natal,TRUE,2020-03-04
48697,Male,KwaZulu-Natal,TRUE,2021-02-11
48697,Male,KwaZulu-Natal,TRUE,2022-02-23
48919,Female,Gauteng,FALSE,2020-03-01
48919,Female,Gauteng,FALSE,2021-02-11
48919,Female,Gauteng,FALSE,2022-01-31
48932,Male,Limpopo,FALSE,2020-03-05
48932,Male,Limpopo,FALSE,2021-02-05
48932,Male,Limpopo,FALSE,2022-01-17
48989,Female,Eastern Cape,FALSE,2020-02-12
48989,Female,Eastern Cape,FALSE,2021-02-07
48989,Female,Eastern Cape,FALSE,2022-02-11
49148,Male,Western Cape,FALSE,2021-02-13
49148,Male,Western Cape,FALSE,2022-03-06
49165,Male,Eastern Cape,TRUE,2020-01-31
49165,Male,Eastern Cape,TRUE,2021-01-28
49165,Male,Eastern Cape,TRUE,2022-02-09
49253,Female,Eastern Cape,FALSE,2021-01-19
49253,Female,Eastern Cape,FALSE,2022-02-16
49667,Male,Eastern Cape,FALSE,2020-02-22
49667,Male,Eastern Cape,FALSE,2021-02-16
49667,Male,Eastern Cape,TRUE,2022-01-24
49784,Female,Eastern Cape,FALSE,2022-02-14
49796,Male,Eastern Cape,FALSE,2020-01-27
49796,Male,Eastern Cape,FALSE,2021-03-06
49796,Male,Eastern Cape,FALSE,2022-01-21
49838,Male,Eastern Cape,FALSE,2020-01-29
51214,Female,Limpopo,FALSE,2021-01-18
51214,Female,Limpopo,FALSE,2022-01-21
51562,Male,Western Cape,TRUE,2020-02-12
51579,Male,Mpumalanga,FALSE,2021-01-15
51579,Male,Mpumalanga,FALSE,2022-02-18
51671,Male,Northern Cape,FALSE,2022-02-11
51939,Female,North West,TRUE,2021-02-09
51939,Female,North West,TRUE,2022-03-09
52285,Male,Western Cape,FALSE,2022-01-17
52431,Female,Northern Cape,FALSE,2021-03-03
52431,Female,Northern Cape,FALSE,2022-02-08
52498,Female,Western Cape,FALSE,2020-02-23
52498,Female,Western Cape,FALSE,2021-03-07
52498,Female,Western Cape,FALSE,2022-02-08
52793,Male,Western Cape,FALSE,2020-01-18
52896,Female,Mpumalanga,TRUE,2020-02-19
52896,Female,Mpumalanga,TRUE,2021-02-19
52896,Female,Mpumalanga,TRUE,2022-03-07
52945,Male,Gauteng,TRUE,2020-02-25
53586,Male,Gauteng,FALSE,2020-03-06
53586,Male,Gauteng,FALSE,2021-02-10
53586,Male,Gauteng,FALSE,2022-03-02
53719,Female,Gauteng,TRUE,2022-02-20
53728,Male,KwaZulu-Natal,FALSE,2021-02-26
53728,Male,KwaZulu-Natal,FALSE,2022-01-28
53841,Female,Western Cape,FALSE,2020-02-17
53841,Female,Western Cape,FALSE,2021-02-28
53841,Female,Western Cape,FALSE,2022-01-21
53945,Male,Northern Cape,TRUE,2020-02-26
54246,Female,Eastern Cape,TRUE,2020-03-03
54246,Female,Eastern Cape,TRUE,2021-02-03
54246,Female,Eastern Cape,TRUE,2022-02-17
54269,Female,North West,TRUE,2020-02-04
54723,Male,North West,FALSE,2020-01-30
54763,Female,Eastern Cape,TRUE,2020-01-15
54763,Female,Eastern Cape,TRUE,2021-02-12
54763,Female,Eastern Cape,TRUE,2022-03-10
55445,Female,Eastern Cape,FALSE,2021-03-04
55445,Female,Eastern Cape,FALSE,2022-02-07
55582,Female,Northern Cape,FALSE,2020-02-14
55582,Female,Northern Cape,FALSE,2021-03-10
55582,Female,Northern Cape,TRUE,2022-01-23
55761,Male,Limpopo,TRUE,2020-01-26
55761,Male,Limpopo,FALSE,2021-01-15
55761,Male,Limpopo,FALSE,2022-02-14
55839,Male,North West,TRUE,2020-02-25
55839,Male,North West,TRUE,2021-02-22
55899,Female,Northern Cape,FALSE,2020-02-09
55899,Female,Northern Cape,TRUE,2021-01-25
55899,Female,Northern Cape,TRUE,2022-03-02
56153,Female,KwaZulu-Natal,FALSE,2022-02-24
56162,Male,KwaZulu-Natal,TRUE,2020-03-06
56162,Male,KwaZulu-Natal,TRUE,2021-02-02
56162,Male,KwaZulu-Natal,TRUE,2022-02-24
56219,Male,Limpopo,FALSE,2021-01-23
56219,Male,Limpopo,FALSE,2022-01-27
56279,Male,KwaZulu-Natal,TRUE,2021-02-09
56279,Male,KwaZulu-Natal,TRUE,2022-02-24
56455,Male,Mpumalanga,TRUE,2020-02-26
56462,Male,Western Cape,FALSE,2020-01-28
56519,Male,Eastern Cape,TRUE,2020-02-17
56796,Male,Eastern Cape,TRUE,2020-02-20
56796,Male,Eastern Cape,TRUE,2021-01-27
56796,Male,Eastern Cape,TRUE,2022-03-01
57116,Female,Mpumalanga,FALSE,2020-02-18
57116,Female,Mpumalanga,FALSE,2021-02-11
57328,Female,Eastern Cape,TRUE,2020-01-20
57328,Female,Eastern Cape,FALSE,2021-01-15
57328,Female,Eastern Cape,FALSE,2022-01-19
57354,Female,KwaZulu-Natal,FALSE,2020-02-22
57354,Female,KwaZulu-Natal,FALSE,2021-01-24
57354,Female,KwaZulu-Natal,FALSE,2022-02-28
57575,Male,Eastern Cape,FALSE,2020-02-16
57575,Male,Eastern Cape,FALSE,2021-02-11
57654,Female,KwaZulu-Natal,TRUE,2020-02-23
57654,Female,KwaZulu-Natal,TRUE,2021-02-12
57654,Female,KwaZulu-Natal,FALSE,2022-02-23
57738,Male,Gauteng,TRUE,2020-02-21
57738,Male,Gauteng,TRUE,2021-02-15
57738,Male,Gauteng,TRUE,2022-01-28
57761,Female,Northern Cape,FALSE,2020-02-05
57761,Female,Northern Cape,FALSE,2021-02-03
57761,Female,Northern Cape,FALSE,2022-02-17
57867,Male,North West,TRUE,2020-03-10
57876,Male,Limpopo,TRUE,2022-01-15
57989,Female,Gauteng,TRUE,2020-03-06
57989,Female,Gauteng,TRUE,2021-02-11
58142,Male,Eastern Cape,TRUE,2020-03-10
58142,Male,Eastern Cape,TRUE,2021-03-04
58274,Male,Western Cape,FALSE,2022-02-20
58288,Female,Eastern Cape,TRUE,2020-02-21
58288,Female,Eastern Cape,TRUE,2021-01-18
58353,Female,Eastern Cape,TRUE,2020-01-15
58353,Female,Eastern Cape,TRUE,2021-01-29
58359,Female,Gauteng,TRUE,2021-03-03
58359,Female,Gauteng,TRUE,2022-02-07
58412,Female,North West,TRUE,2020-02-11
58471,Female,Western Cape,FALSE,2020-02-20
58471,Female,Western Cape,FALSE,2021-03-07
58471,Female,Western Cape,TRUE,2022-02-13
58518,Female,Western Cape,TRUE,2021-03-07
58518,Female,Western Cape,TRUE,2022-02-08
58591,Female,Mpumalanga,TRUE,2022-02-23
58879,Male,Northern Cape,TRUE,2020-01-29
58899,Female,Limpopo,TRUE,2021-01-17
58899,Female,Limpopo,TRUE,2022-02-02
58971,Female,Free State,TRUE,2020-02-24
58971,Female,Free State,TRUE,2021-01-19
58971,Female,Free State,TRUE,2022-01-19
59111,Male,Eastern Cape,FALSE,2020-03-06
59124,Female,Eastern Cape,FALSE,2021-02-16
59124,Female,Eastern Cape,TRUE,2022-02-18
59373,Female,Eastern Cape,TRUE,2020-02-16
59373,Female,Eastern Cape,TRUE,2021-01-30
59373,Female,Eastern Cape,TRUE,2022-02-13
59391,Female,Western Cape,FALSE,2022-03-04
59533,Female,Free State,TRUE,2020-01-29
59533,Female,Free State,TRUE,2021-03-05
59533,Female,Free State,TRUE,2022-02-03
59552,Male,Mpumalanga,FALSE,2020-03-03
59552,Male,Mpumalanga,FALSE,2021-02-28
59552,Male,Mpumalanga,FALSE,2022-01-19
59612,Female,KwaZulu-Natal,TRUE,2020-02-06
59711,Female,Eastern Cape,TRUE,2020-01-30
59711,Female,Eastern Cape,TRUE,2021-02-27
59785,Female,Mpumalanga,FALSE,2021-01-24
59785,Female,Mpumalanga,FALSE,2022-02-09
59797,Female,Western Cape,FALSE,2022-03-01
61165,Male,Northern Cape,TRUE,2020-02-23
61165,Male,Northern Cape,TRUE,2021-02-11
61322,Female,Northern Cape,TRUE,2020-02-10
61322,Female,Northern Cape,TRUE,2021-02-13
61368,Female,Eastern Cape,TRUE,2022-02-25
61455,Female,Gauteng,TRUE,2020-02-03
61455,Female,Gauteng,FALSE,2021-01-26
61455,Female,Gauteng,FALSE,2022-02-19
61761,Female,Gauteng,FALSE,2021-02-22
61761,Female,Gauteng,FALSE,2022-02-09
61965,Male,Mpumalanga,TRUE,2021-01-27
61965,Male,Mpumalanga,TRUE,2022-01-16
62286,Female,KwaZulu-Natal,FALSE,2021-03-02
62286,Female,KwaZulu-Natal,FALSE,2022-01-27
62558,Male,Gauteng,FALSE,2020-03-09
62558,Male,Gauteng,FALSE,2021-01-25
62574,Male,Western Cape,FALSE,2020-02-21
62574,Male,Western Cape,FALSE,2021-02-09
62692,Female,Northern Cape,TRUE,2020-01-20
62692,Female,Northern Cape,TRUE,2021-02-24
62692,Female,Northern Cape,TRUE,2022-01-25
62817,Female,Western Cape,TRUE,2020-01-25
62817,Female,Western Cape,TRUE,2021-01-19
62817,Female,Western Cape,TRUE,2022-02-05
62834,Female,Eastern Cape,TRUE,2022-02-09
62896,Female,Eastern Cape,TRUE,2020-02-01
62896,Female,Eastern Cape,TRUE,2021-02-27
62964,Female,Northern Cape,TRUE,2021-01-30
62964,Female,Northern Cape,TRUE,2022-02-28
63174,Female,Western Cape,FALSE,2021-01-23
63174,Female,Western Cape,TRUE,2022-02-12
63191,Male,Northern Cape,TRUE,2020-01-27
63191,Male,Northern Cape,TRUE,2021-01-27
63191,Male,Northern Cape,FALSE,2022-02-01
63257,Female,Northern Cape,TRUE,2020-03-09
63257,Female,Northern Cape,TRUE,2021-02-27
63257,Female,Northern Cape,TRUE,2022-02-03
63264,Male,Western Cape,FALSE,2020-03-08
63264,Male,Western Cape,TRUE,2021-01-20
63317,Female,Eastern Cape,FALSE,2022-02-24
63457,Male,Western Cape,TRUE,2020-02-28
63466,Female,Gauteng,FALSE,2022-01-19
63672,Female,Eastern Cape,FALSE,2020-01-31
63672,Female,Eastern Cape,FALSE,2021-02-07
63672,Female,Eastern Cape,FALSE,2022-03-01
63693,Male,Eastern Cape,FALSE,2021-02-02
63693,Male,Eastern Cape,FALSE,2022-02-28
63767,Male,Limpopo,TRUE,2022-01-30
63928,Male,Gauteng,FALSE,2021-01-25
63928,Male,Gauteng,TRUE,2022-02-19
64279,Female,Eastern Cape,FALSE,2020-03-04
64398,Male,Free State,TRUE,2020-02-18
64398,Male,Free State,TRUE,2021-03-07
64545,Male,KwaZulu-Natal,TRUE,2020-02-09
64545,Male,KwaZulu-Natal,TRUE,2021-02-10
64545,Male,KwaZulu-Natal,TRUE,2022-03-02
65385,Male,Western Cape,TRUE,2022-02-25
65467,Female,Mpumalanga,TRUE,2020-02-05
65467,Female,Mpumalanga,TRUE,2021-02-19
65467,Female,Mpumalanga,TRUE,2022-02-28
65558,Female,Western Cape,FALSE,2020-02-09
65558,Female,Western Cape,FALSE,2021-02-04
65744,Female,Gauteng,FALSE,2020-02-01
66222,Male,Gauteng,TRUE,2021-01-16
66222,Male,Gauteng,TRUE,2022-02-12
66281,Male,Gauteng,TRUE,2022-01-21
66347,Female,KwaZulu-Natal,FALSE,2022-01-27
66522,Male,Eastern Cape,TRUE,2020-02-04
66765,Female,Free State,TRUE,2020-03-05
66855,Female,KwaZulu-Natal,TRUE,2021-01-15
66855,Female,KwaZulu-Natal,TRUE,2022-03-01
67215,Male,KwaZulu-Natal,TRUE,2021-01-24
67215,Male,KwaZulu-Natal,TRUE,2022-01-16
67497,Male,KwaZulu-Natal,TRUE,2020-03-04
67497,Male,KwaZulu-Natal,TRUE,2021-01-27
67497,Male,KwaZulu-Natal,TRUE,2022-01-21
67525,Female,KwaZulu-Natal,FALSE,2020-02-25
67698,Female,Eastern Cape,FALSE,2021-01-30
67698,Female,Eastern Cape,FALSE,2022-01-25
67699,Male,Western Cape,TRUE,2020-02-15
67699,Male,Western Cape,TRUE,2021-02-15
67699,Male,Western Cape,TRUE,2022-02-03
67735,Male,Northern Cape,FALSE,2021-03-05
67735,Male,Northern Cape,FALSE,2022-01-26
68534,Female,Western Cape,TRUE,2021-01-30
68534,Female,Western Cape,TRUE,2022-01-18
68846,Female,Free State,FALSE,2020-03-01
68846,Female,Free State,FALSE,2021-02-09
68846,Female,Free State,TRUE,2022-02-18
68965,Female,Western Cape,FALSE,2021-01-31
68965,Female,Western Cape,FALSE,2022-02-06
69133,Male,Northern Cape,TRUE,2020-02-25
69133,Male,Northern Cape,FALSE,2021-02-02
69133,Male,Northern Cape,FALSE,2022-01-15
69141,Male,Northern Cape,FALSE,2021-01-23
69141,Male,Northern Cape,FALSE,2022-02-11
69646,Female,KwaZulu-Natal,TRUE,2021-01-19
69646,Female,KwaZulu-Natal,FALSE,2022-03-02
69733,Male,Gauteng,FALSE,2022-02-10
69812,Female,Eastern Cape,TRUE,2020-03-03
69812,Female,Eastern Cape,TRUE,2021-03-02
69812,Female,Eastern Cape,TRUE,2022-02-02
71194,Female,Eastern Cape,FALSE,2020-03-01
71194,Female,Eastern Cape,FALSE,2021-01-31
71194,Female,Eastern Cape,TRUE,2022-02-19
71249,Female,Limpopo,FALSE,2022-01-30
71257,Female,Western Cape,TRUE,2020-02-25
71257,Female,Western Cape,TRUE,2021-01-24
71268,Male,Free State,TRUE,2022-03-02
71286,Male,Gauteng,FALSE,2020-02-25
71286,Male,Gauteng,FALSE,2021-03-07
71368,Male,North West,FALSE,2022-02-13
71736,Female,Eastern Cape,TRUE,2020-03-04
71736,Female,Eastern Cape,TRUE,2021-02-08
71952,Female,Western Cape,TRUE,2020-02-16
72218,Female,Western Cape,TRUE,2020-02-15
72218,Female,Western Cape,TRUE,2021-02-27
72646,Male,Eastern Cape,TRUE,2022-01-22
73268,Male,Western Cape,TRUE,2020-02-20
73268,Male,Western Cape,TRUE,2021-01-30
73346,Female,Free State,TRUE,2020-02-12
73346,Female,Free State,TRUE,2021-03-08
73346,Female,Free State,TRUE,2022-02-24
73423,Female,North West,TRUE,2022-03-08
73428,Female,Eastern Cape,TRUE,2021-02-01
73428,Female,Eastern Cape,TRUE,2022-02-25
74418,Female,Mpumalanga,FALSE,2021-01-25
74418,Female,Mpumalanga,FALSE,2022-02-13
74451,Female,Western Cape,TRUE,2022-01-31
74494,Female,Gauteng,TRUE,2020-02-13
74494,Female,Gauteng,FALSE,2021-01-28
74494,Female,Gauteng,FALSE,2022-02-26
74541,Female,Northern Cape,FALSE,2021-02-21
74541,Female,Northern Cape,FALSE,2022-02-07
74571,Female,Western Cape,TRUE,2020-03-06
74571,Female,Western Cape,TRUE,2021-02-08
74571,Female,Western Cape,TRUE,2022-02-26
75132,Male,North West,FALSE,2020-01-29
75132,Male,North West,FALSE,2021-03-10
75132,Male,North West,FALSE,2022-01-24
75226,Female,Gauteng,TRUE,2021-02-24
75226,Female,Gauteng,TRUE,2022-03-08
75655,Female,Limpopo,TRUE,2022-02-07
75783,Female,Mpumalanga,TRUE,2020-01-28
75913,Female,Limpopo,TRUE,2021-01-22
75913,Female,Limpopo,TRUE,2022-01-16
76176,Male,Free State,TRUE,2020-03-01
76176,Male,Free State,TRUE,2021-02-06
76176,Male,Free State,TRUE,2022-01-25
76182,Female,Eastern Cape,TRUE,2020-02-23
76182,Female,Eastern Cape,TRUE,2021-03-07
76182,Female,Eastern Cape,FALSE,2022-03-08
76222,Female,KwaZulu-Natal,TRUE,2021-03-06
76222,Female,KwaZulu-Natal,TRUE,2022-01-19
76541,Female,Gauteng,FALSE,2020-03-01
76541,Female,Gauteng,FALSE,2021-02-02
76594,Female,Free State,TRUE,2020-02-26
76594,Female,Free State,TRUE,2021-02-22
76594,Female,Free State,TRUE,2022-02-06
76976,Female,Northern Cape,FALSE,2022-01-26
76981,Female,Western Cape,TRUE,2020-02-28
76981,Female,Western Cape,TRUE,2021-01-15
76981,Female,Western Cape,TRUE,2022-01-27
76997,Female,Gauteng,TRUE,2021-02-25
76997,Female,Gauteng,TRUE,2022-03-04
77112,Female,Northern Cape,FALSE,2020-03-04
77351,Female,Eastern Cape,FALSE,2020-03-10
77372,Male,North West,TRUE,2020-03-05
77372,Male,North West,TRUE,2021-02-05
77414,Male,North West,FALSE,2022-02-24
77474,Male,Western Cape,FALSE,2020-02-19
77474,Male,Western Cape,FALSE,2021-02-02
77474,Male,Western Cape,FALSE,2022-03-02
77514,Male,Eastern Cape,TRUE,2022-02-11
77989,Male,Western Cape,TRUE,2020-01-19
78384,Female,Eastern Cape,TRUE,2022-02-06
78789,Male,Eastern Cape,FALSE,2020-01-21
78797,Female,KwaZulu-Natal,FALSE,2020-02-29
78797,Female,KwaZulu-Natal,FALSE,2021-01-18
78961,Male,Gauteng,TRUE,2020-01-31
79145,Male,Gauteng,FALSE,2020-01-27
79145,Male,Gauteng,FALSE,2021-02-24
79145,Male,Gauteng,FALSE,2022-01-16
79757,Male,Eastern Cape,FALSE,2020-02-13
79757,Male,Eastern Cape,FALSE,2021-01-20
79757,Male,Eastern Cape,TRUE,2022-02-07
81149,Female,Northern Cape,FALSE,2021-01-20
81149,Female,Northern Cape,FALSE,2022-02-07
81531,Male,Limpopo,FALSE,2021-01-18
81531,Male,Limpopo,FALSE,2022-02-21
81548,Male,Eastern Cape,FALSE,2020-03-08
81548,Male,Eastern Cape,FALSE,2021-01-19
81548,Male,Eastern Cape,FALSE,2022-01-15
81698,Male,Eastern Cape,FALSE,2020-02-06
81753,Female,Gauteng,FALSE,2020-02-05
81773,Female,Free State,FALSE,2020-03-07
81845,Male,Eastern Cape,FALSE,2020-01-29
82362,Female,Western Cape,FALSE,2020-02-10
82362,Female,Western Cape,FALSE,2021-02-11
82659,Male,Eastern Cape,FALSE,2020-02-09
82659,Male,Eastern Cape,FALSE,2021-02-16
82659,Male,Eastern Cape,FALSE,2022-02-08
82761,Male,Northern Cape,FALSE,2020-02-17
82761,Male,Northern Cape,FALSE,2021-01-21
82761,Male,Northern Cape,FALSE,2022-02-23
82888,Female,Western Cape,FALSE,2020-02-29
82915,Male,KwaZulu-Natal,TRUE,2021-01-24
82915,Male,KwaZulu-Natal,TRUE,2022-02-04
82937,Male,Eastern Cape,FALSE,2020-01-19
82937,Male,Eastern Cape,FALSE,2021-02-05
82937,Male,Eastern Cape,FALSE,2022-03-02
82985,Female,Gauteng,FALSE,2020-03-04
82985,Female,Gauteng,FALSE,2021-02-27
82985,Female,Gauteng,FALSE,2022-02-24
83166,Male,Eastern Cape,TRUE,2022-01-24
83427,Male,Western Cape,TRUE,2021-03-08
83427,Male,Western Cape,TRUE,2022-03-03
83571,Male,Free State,FALSE,2020-02-21
83571,Male,Free State,FALSE,2021-01-29
83571,Male,Free State,FALSE,2022-01-16
83871,Female,Eastern Cape,FALSE,2020-01-29
84251,Female,Western Cape,TRUE,2021-01-19
84251,Female,Western Cape,TRUE,2022-01-28
84287,Female,Eastern Cape,TRUE,2020-01-24
84287,Female,Eastern Cape,TRUE,2021-02-14
84287,Female,Eastern Cape,FALSE,2022-03-01
84356,Male,Eastern Cape,TRUE,2020-02-27
84356,Male,Eastern Cape,TRUE,2021-01-24
84377,Male,Limpopo,FALSE,2020-01-18
84377,Male,Limpopo,FALSE,2021-03-02
84377,Male,Limpopo,FALSE,2022-03-03
84423,Female,Eastern Cape,TRUE,2020-02-27
84423,Female,Eastern Cape,FALSE,2021-02-16
84521,Male,KwaZulu-Natal,FALSE,2020-01-26
84614,Female,Gauteng,TRUE,2020-01-18
84614,Female,Gauteng,TRUE,2021-01-17
85119,Male,Western Cape,FALSE,2021-02-06
85119,Male,Western Cape,FALSE,2022-01-30
85245,Female,Western Cape,FALSE,2020-01-18
85245,Female,Western Cape,FALSE,2021-01-15
85283,Male,Free State,FALSE,2020-02-26
85283,Male,Free State,FALSE,2021-01-26
85297,Female,KwaZulu-Natal,FALSE,2021-03-03
85297,Female,KwaZulu-Natal,FALSE,2022-02-13
85342,Female,Northern Cape,TRUE,2020-02-11
85342,Female,Northern Cape,TRUE,2021-01-23
85342,Female,Northern Cape,FALSE,2022-02-12
85445,Female,KwaZulu-Natal,FALSE,2020-03-07
85445,Female,KwaZulu-Natal,FALSE,2021-02-18
85445,Female,KwaZulu-Natal,FALSE,2022-02-19
85524,Male,Eastern Cape,TRUE,2020-03-10
85595,Female,Gauteng,TRUE,2020-01-30
85727,Male,North West,TRUE,2020-02-21
85727,Male,North West,TRUE,2021-02-20
85727,Male,North West,TRUE,2022-02-03
86217,Female,Gauteng,TRUE,2020-02-28
86362,Female,KwaZulu-Natal,TRUE,2020-02-22
86362,Female,KwaZulu-Natal,FALSE,2021-02-15
86362,Female,KwaZulu-Natal,FALSE,2022-02-15
86893,Female,KwaZulu-Natal,FALSE,2021-03-07
86893,Female,KwaZulu-Natal,FALSE,2022-01-19
86977,Male,Western Cape,TRUE,2022-02-02
87218,Male,Western Cape,TRUE,2020-01-22
87218,Male,Western Cape,TRUE,2021-02-27
87218,Male,Western Cape,TRUE,2022-02-03
87314,Female,Eastern Cape,FALSE,2020-03-07
87314,Female,Eastern Cape,TRUE,2021-01-24
87314,Female,Eastern Cape,TRUE,2022-02-17
87476,Male,Western Cape,FALSE,2021-03-09
87476,Male,Western Cape,FALSE,2022-01-21
87939,Female,KwaZulu-Natal,TRUE,2022-02-25
88372,Female,Gauteng,FALSE,2020-02-29
88372,Female,Gauteng,FALSE,2021-02-09
88491,Male,Gauteng,TRUE,2020-03-06
88491,Male,Gauteng,TRUE,2021-02-09
88593,Female,Free State,FALSE,2021-02-20
88593,Female,Free State,FALSE,2022-02-20
88769,Female,KwaZulu-Natal,TRUE,2021-01-15
88769,Female,KwaZulu-Natal,TRUE,2022-01-30
88869,Female,KwaZulu-Natal,TRUE,2020-01-23
88869,Female,KwaZulu-Natal,FALSE,2021-01-24
88917,Male,Limpopo,FALSE,2020-03-04
88917,Male,Limpopo,FALSE,2021-02-25
88917,Male,Limpopo,FALSE,2022-02-14
89229,Male,Limpopo,FALSE,2022-01-28
89348,Female,Gauteng,FALSE,2021-01-30
89348,Female,Gauteng,FALSE,2022-03-08
89635,Female,North West,TRUE,2021-02-05
89635,Female,North West,TRUE,2022-02-27
89636,Female,Gauteng,FALSE,2021-03-06
89636,Female,Gauteng,FALSE,2022-01-18
89811,Male,KwaZulu-Natal,TRUE,2020-02-18
89811,Male,KwaZulu-Natal,TRUE,2021-02-12
89975,Male,Eastern Cape,TRUE,2020-02-27
89975,Male,Eastern Cape,TRUE,2021-02-06
89982,Female,Western Cape,FALSE,2020-02-27
91161,Male,Western Cape,FALSE,2020-02-16
91161,Male,Western Cape,FALSE,2021-02-06
91161,Male,Western Cape,FALSE,2022-02-19
91296,Female,Eastern Cape,TRUE,2020-03-04
91392,Male,Gauteng,TRUE,2020-02-10
91392,Male,Gauteng,TRUE,2021-03-01
91438,Male,KwaZulu-Natal,FALSE,2020-02-25
91438,Male,KwaZulu-Natal,TRUE,2021-02-15
91438,Male,KwaZulu-Natal,TRUE,2022-03-06
91583,Male,Western Cape,FALSE,2022-02-11
91624,Female,Eastern Cape,TRUE,2022-02-04
91717,Female,Gauteng,FALSE,2022-01-30
91864,Male,Gauteng,FALSE,2021-01-30
91864,Male,Gauteng,FALSE,2022-01-19
92151,Male,Free State,FALSE,2021-03-09
92151,Male,Free State,TRUE,2022-02-09
92586,Female,Free State,FALSE,2020-02-29
92586,Female,Free State,FALSE,2021-02-18
92586,Female,Free State,FALSE,2022-02-24
92868,Female,KwaZulu-Natal,TRUE,2020-01-24
92979,Male,Eastern Cape,TRUE,2022-01-29
93231,Female,Western Cape,FALSE,2020-01-27
93231,Female,Western Cape,FALSE,2021-02-03
93231,Female,Western Cape,FALSE,2022-01-15
93291,Female,Northern Cape,TRUE,2022-01-18
93399,Female,Eastern Cape,TRUE,2020-03-08
93399,Female,Eastern Cape,FALSE,2021-01-24
93399,Female,Eastern Cape,FALSE,2022-01-30
93488,Female,Northern Cape,TRUE,2020-02-21
93488,Female,Northern Cape,TRUE,2021-02-22
93488,Female,Northern Cape,TRUE,2022-02-19
93563,Male,Eastern Cape,FALSE,2020-02-29
93563,Male,Eastern Cape,TRUE,2021-02-06
93664,Male,Eastern Cape,FALSE,2021-03-03
93664,Male,Eastern Cape,FALSE,2022-01-17
93718,Female,Gauteng,FALSE,2020-03-04
93718,Female,Gauteng,TRUE,2021-02-01
93755,Male,Eastern Cape,TRUE,2021-03-03
93755,Male,Eastern Cape,FALSE,2022-01-15
93818,Male,Free State,TRUE,2020-02-29
93833,Female,Eastern Cape,TRUE,2020-02-17
93833,Female,Eastern Cape,TRUE,2021-02-15
93833,Female,Eastern Cape,TRUE,2022-01-21
93882,Male,Limpopo,TRUE,2021-02-09
93882,Male,Limpopo,TRUE,2022-01-29
93933,Female,Gauteng,TRUE,2020-02-18
93933,Female,Gauteng,TRUE,2021-01-27
94188,Male,KwaZulu-Natal,FALSE,2020-03-10
94188,Male,KwaZulu-Natal,FALSE,2021-02-05
94249,Female,Western Cape,FALSE,2020-03-07
94574,Female,KwaZulu-Natal,TRUE,2020-02-08
94582,Female,Western Cape,FALSE,2020-02-19
94583,Female,Mpumalanga,TRUE,2022-01-17
94722,Female,Limpopo,FALSE,2020-03-01
94722,Female,Limpopo,TRUE,2021-02-28
94722,Female,Limpopo,TRUE,2022-03-10
94761,Female,Eastern Cape,FALSE,2021-03-06
94761,Female,Eastern Cape,FALSE,2022-03-10
94927,Female,KwaZulu-Natal,TRUE,2020-01-16
94927,Female,KwaZulu-Natal,TRUE,2021-03-07
94927,Female,KwaZulu-Natal,TRUE,2022-02-08
94962,Male,Northern Cape,TRUE,2020-03-08
94962,Male,Northern Cape,TRUE,2021-02-03
94962,Male,Northern Cape,TRUE,2022-01-23
94973,Male,KwaZulu-Natal,TRUE,2020-03-06
94973,Male,KwaZulu-Natal,TRUE,2021-02-23
94973,Male,KwaZulu-Natal,TRUE,2022-02-28
94995,Female,Free State,TRUE,2020-02-19
94995,Female,Free State,TRUE,2021-02-12
94995,Female,Free State,TRUE,2022-03-09
95433,Female,Gauteng,FALSE,2021-03-08
95433,Female,Gauteng,FALSE,2022-01-18
95828,Female,Western Cape,TRUE,2021-03-10
95828,Female,Western Cape,TRUE,2022-02-18
95865,Female,Gauteng,TRUE,2022-03-10
95999,Female,Free State,FALSE,2020-02-23
95999,Female,Free State,FALSE,2021-02-02
95999,Female,Free State,FALSE,2022-02-06
96232,Female,KwaZulu-Natal,FALSE,2020-02-05
96252,Male,Western Cape,FALSE,2021-03-06
96252,Male,Western Cape,FALSE,2022-03-08
96276,Female,Limpopo,FALSE,2022-03-03
96494,Male,KwaZulu-Natal,TRUE,2020-02-28
96494,Male,KwaZulu-Natal,TRUE,2021-03-08
96494,Male,KwaZulu-Natal,FALSE,2022-02-02
96575,Female,Gauteng,FALSE,2020-01-31
96575,Female,Gauteng,FALSE,2021-02-28
96633,Female,Western Cape,TRUE,2022-02-04
96725,Female,Mpumalanga,TRUE,2020-02-26
96725,Female,Mpumalanga,FALSE,2021-02-25
96929,Female,Gauteng,FALSE,2020-02-03
96929,Female,Gauteng,TRUE,2021-02-19
96929,Female,Gauteng,TRUE,2022-02-15
97138,Male,Eastern Cape,FALSE,2020-02-17
97138,Male,Eastern Cape,FALSE,2021-01-28
97138,Male,Eastern Cape,TRUE,2022-02-05
97531,Female,Limpopo,FALSE,2022-03-05
97597,Female,Northern Cape,TRUE,2020-01-28
97597,Female,Northern Cape,TRUE,2021-02-01
97597,Female,Northern Cape,TRUE,2022-01-29
97732,Female,KwaZulu-Natal,TRUE,2022-02-25
97944,Female,Western Cape,FALSE,2021-01-15
97944,Female,Western Cape,FALSE,2022-01-24
98231,Male,North West,TRUE,2020-01-15
98231,Male,North West,TRUE,2021-01-17
98231,Male,North West,TRUE,2022-02-18
98296,Female,Gauteng,TRUE,2020-02-05
98296,Female,Gauteng,TRUE,2021-01-21
98296,Female,Gauteng,TRUE,2022-03-08
98324,Male,Gauteng,TRUE,2021-03-02
98324,Male,Gauteng,TRUE,2022-02-07
98627,Female,KwaZulu-Natal,FALSE,2021-01-25
98627,Female,KwaZulu-Natal,FALSE,2022-03-08
98933,Male,Free State,TRUE,2022-02-06
99191,Male,Eastern Cape,FALSE,2020-02-20
99191,Male,Eastern Cape,TRUE,2021-01-18
99285,Female,Gauteng,TRUE,2021-02-17
99285,Female,Gauteng,TRUE,2022-02-03
99338,Male,Eastern Cape,FALSE,2020-01-21
99338,Male,Eastern Cape,FALSE,2021-02-15
99338,Male,Eastern Cape,FALSE,2022-02-26
99769,Female,Northern Cape,TRUE,2020-03-06
99828,Female,Gauteng,TRUE,2020-02-13
99828,Female,Gauteng,TRUE,2021-01-26
99828,Female,Gauteng,TRUE,2022-02-19
99882,Male,Western Cape,TRUE,2021-01-16
99882,Male,Western Cape,TRUE,2022-03-10
